0,1,2,3,4,5,6,7,8,9,10,11,12,13,14,15,16,micro avg,macro avg,weighted avg,samples avg
0.6750278706800446,0.7303370786516854,0.5181818181818182,0.4,0.0,0.8273098222092684,0.8465473145780051,0.391304347826087,0.40208333333333335,0.8037865748709122,0.3417290673927842,0.8504398826979472,0.955197360071075,0.3534521158129176,0.3835616438356164,0.0,0.28427099841521397,0.6521840691427236,0.5154840722680417,0.7515896293910143,0.723770458858774
0.9742558326629123,0.9420289855072463,0.29081632653061223,0.12121212121212122,0.0,0.9989442196023227,0.8508997429305912,0.5294117647058824,0.8446389496717724,0.6549789621318373,0.9543726235741445,0.9679572763684913,0.9988055739880557,0.9949843260188088,0.3888888888888889,0.0,0.9965277777777778,0.9600275079515173,0.676983727739498,0.9600275079515173,0.9659193840579711
0.7974975304576885,0.8227848101265822,0.37254901960784315,0.186046511627907,0.0,0.9050617776006377,0.8487179487179487,0.45,0.5448129851799578,0.7217928902627511,0.5032581453634085,0.9054011863877616,0.9765148566238484,0.5216105176663928,0.38620689655172413,0.0,0.4423551171393342,0.7767152345515874,0.5520358937243403,0.8206965400513896,0.8069733351847977
2486.0,69.0,196.0,66.0,20.0,5683.0,389.0,17.0,914.0,713.0,526.0,1498.0,7535.0,1595.0,72.0,47.0,1440.0,23266.0,23266.0,23266.0,23266.0
