0                  , 1  , 2  , 3  , 4  , 5                 , 6  , 7  , 8  , 9  , 10 , 11 , 12                , 13                , 14 , 15 , 16                , micro avg         , macro avg          , weighted avg      , samples avg
1.0                , 0.0, 0.0, 0.0, 0.0, 1.0               , 0.0, 0.0, 0.0, 0.0, 0.0, 0.0, 1.0               , 1.0               , 0.0, 0.0, 1.0               , 0.8134759959920075, 0.29411764705882354, 1.0               , 0.8298445213879515
0.43946850393700787, 0.0, 0.0, 0.0, 0.0, 0.846751968503937 , 0.0, 0.0, 0.0, 0.0, 0.0, 0.0, 0.9705954724409449, 0.5462352362204724, 0.0, 0.0, 0.6129675196850394, 0.6832037401574803, 0.20094227651690597, 0.6832037401574803, 0.6832037401574805
0.6105982905982906 , 0.0, 0.0, 0.0, 0.0, 0.9170175345094068, 0.0, 0.0, 0.0, 0.0, 0.0, 0.0, 0.9850783542486109, 0.7065357500915037, 0.0, 0.0, 0.7600494271635826, 0.7426703650306665, 0.23407525627125852, 0.7958558713222789, 0.7094187669286094
40640.0            , 0.0, 0.0, 0.0, 0.0, 40640.0           , 0.0, 0.0, 0.0, 0.0, 0.0, 0.0, 40640.0           , 40640.0           , 0.0, 0.0, 40640.0           , 203200.0          , 203200.0           , 203200.0          , 203200.0
